Address_place,  города Искитима Новосибирской области
Overall_count,34
Precinct_nums_str,с № 1374 по № 1407.
Precinct_nums,1374,1375,1376,1377,1378,1379,1380,1381,1382,1383,1384,1385,1386,1387,1388,1389,1390,1391,1392,1393,1394,1395,1396,1397,1398,1399,1400,1401,1402,1403,1404,1405,1406,1407
Precinct_number,1374
Precinct_place,производственного  комбината 
Precinct_address,производственного  комбината)  производственного  комбината 
Address_side, переулок  Заводской  Киевский
Address_side, переулок  Заводской  Речной
Address_side, переулок  Заводской  Школьный
Address_side, переулок  Заводской  Ярославского
Address_street, улица  Бурлинская  Горького
Address_street, улица  Бурлинская   Дзержинского
Address_street, улица  Бурлинская  Заводская
Address_street, улица  Бурлинская 55
Address_street, улица  Бурлинская 56
Address_street, улица  Бурлинская 57
Address_street, улица  Бурлинская 58
Address_street, улица  Бурлинская 59
Address_street, улица  Бурлинская 60
Address_street, улица  Бурлинская 61
Address_street, улица  Бурлинская 62
Address_street, улица  Бурлинская 63
Address_street, улица  Бурлинская 64
Address_street, улица  Бурлинская 65
Address_street, улица  Бурлинская 66
Address_street, улица  Бурлинская 67
Address_street, улица  Бурлинская 68
Address_street, улица  Бурлинская 69
Address_street, улица  Бурлинская 70
Address_street, улица  Бурлинская 71
Address_street, улица  Бурлинская 72
Address_street, улица  Бурлинская 73
Address_street, улица  Бурлинская 74
Address_street, улица  Бурлинская 75
Address_street, улица  Бурлинская 76
Address_street, улица  Бурлинская 77
Address_street, улица  Бурлинская 78
Address_street, улица  Бурлинская 79
Address_street, улица  Бурлинская 80
Address_street, улица  Бурлинская 81
Address_street, улица  Бурлинская 82
Address_street, улица  Бурлинская 83
Address_street, улица  Бурлинская 84
Address_street, улица  Бурлинская 85
Address_street, улица  Бурлинская 86
Address_street, улица  Бурлинская 87
Address_street, улица  Бурлинская 88
Address_street, улица  Бурлинская 89
Address_street, улица  Бурлинская 90
Address_street, улица  Бурлинская 91
Address_street, улица  Бурлинская 92
Address_street, улица  Бурлинская 93
Address_street, улица  Бурлинская 94
Address_street, улица  Бурлинская 95
Address_street, улица  Бурлинская 96
Address_street, улица  Бурлинская 97
Address_street, улица  Бурлинская 98
Address_street, улица  Бурлинская 99
Address_street, улица  Бурлинская 100
Address_street, улица  Бурлинская 101
Address_street, улица  Бурлинская 102
Address_street, улица  Бурлинская 103
Address_street, улица  Бурлинская 104
Address_street, улица  Бурлинская 105
Address_street, улица  Бурлинская 106
Address_street, улица  Бурлинская 107
Address_street, улица  Бурлинская 108
Address_street, улица  Бурлинская 109
Address_street, улица  Бурлинская 110
Address_street, улица  Бурлинская 111
Address_street, улица  Бурлинская 112
Address_street, улица  Бурлинская 113
Address_street, улица  Бурлинская 114
Address_street, улица  Бурлинская 115
Address_street, улица  Бурлинская 116
Address_street, улица  Бурлинская 117
Address_street, улица  Бурлинская 118
Address_street, улица  Бурлинская 119
Address_street, улица  Бурлинская 120
Address_street, улица  Бурлинская 121
Address_street, улица  Бурлинская 122
Address_street, улица  Бурлинская 123
Address_street, улица  Бурлинская 124
Address_street, улица  Бурлинская 125
Address_street, улица  Бурлинская 126
Address_street, улица  Бурлинская 127
Address_street, улица  Бурлинская 128
Address_street, улица  Бурлинская 129
Address_street, улица  Бурлинская 130
Address_street, улица  Бурлинская 131
Address_street, улица  Бурлинская 132
Address_street, улица  Бурлинская 133
Address_street, улица  Бурлинская 134
Address_street, улица  Бурлинская 135
Address_street, улица  Бурлинская 136
Address_street, улица  Бурлинская 137
Address_street, улица  Бурлинская 138
Address_street, улица  Бурлинская 139
Address_street, улица  Бурлинская  Казарма 52 км
Address_street, улица  Бурлинская  Киевская
Address_street, улица  Бурлинская  Кошевого
Address_street, улица  Бурлинская   Куйбышева
Address_street, улица  Бурлинская  Островского
Address_street, улица  Бурлинская  Пархоменко
Address_street, улица  Бурлинская   Речная
Address_street, улица  Бурлинская  Северная
Address_street, улица  Бурлинская  Сибирская
Address_street, улица  Бурлинская 1
Address_street, улица  Бурлинская 2
Address_street, улица  Бурлинская 3
Address_street, улица  Бурлинская 4
Address_street, улица  Бурлинская 5
Address_street, улица  Бурлинская 6
Address_street, улица  Бурлинская 7
Address_street, улица  Бурлинская 8
Address_street, улица  Бурлинская 9
Address_street, улица  Бурлинская 10
Address_street, улица  Бурлинская 11
Address_street, улица  Бурлинская 12
Address_street, улица  Бурлинская 13
Address_street, улица  Бурлинская 14
Address_street, улица  Бурлинская 15
Address_street, улица  Бурлинская 16
Address_street, улица  Бурлинская 17
Address_street, улица  Бурлинская 18
Address_street, улица  Бурлинская 19
Address_street, улица  Бурлинская 20
Address_street, улица  Бурлинская 21
Address_street, улица  Бурлинская 22
Address_street, улица  Бурлинская 23
Address_street, улица  Бурлинская 24
Address_street, улица  Бурлинская 25
Address_street, улица  Бурлинская 26
Address_street, улица  Бурлинская 27
Address_street, улица  Бурлинская 28
Address_street, улица  Бурлинская 29
Address_street, улица  Бурлинская 30
Address_street, улица  Бурлинская 31
Address_street, улица  Бурлинская 32
Address_street, улица  Бурлинская 33
Address_street, улица  Бурлинская 34
Address_street, улица  Бурлинская 35
Address_street, улица  Бурлинская 36
Address_street, улица  Бурлинская 37
Address_street, улица  Бурлинская 38
Address_street, улица  Бурлинская 39
Address_street, улица  Бурлинская 40
Address_street, улица  Бурлинская 41
Address_street, улица  Бурлинская 42
Address_street, улица  Бурлинская 43
Address_street, улица  Бурлинская 44
Address_street, улица  Бурлинская 45
Address_street, улица  Бурлинская 46
Address_street, улица  Бурлинская 47
Address_street, улица  Бурлинская 48
Address_street, улица  Бурлинская 49
Address_street, улица  Бурлинская 50
Address_street, улица  Бурлинская 51
Address_street, улица  Бурлинская 52
Address_street, улица  Бурлинская 53
Address_street, улица  Бурлинская 54
Address_street, улица  Бурлинская 55
Address_street, улица  Бурлинская 56
Address_street, улица  Бурлинская 57
Address_street, улица  Бурлинская 58
Address_street, улица  Бурлинская 59
Address_street, улица  Бурлинская 60
Address_street, улица  Бурлинская 61
Address_street, улица  Бурлинская 62
Address_street, улица  Бурлинская 63
Address_street, улица  Бурлинская 64
Address_street, улица  Бурлинская 65
Address_street, улица  Бурлинская 66
Address_street, улица  Бурлинская 67
Address_street, улица  Бурлинская 68
Address_street, улица  Бурлинская 69
Address_street, улица  Бурлинская 70
Address_street, улица  Бурлинская 71
Address_street, улица  Бурлинская 72
Address_street, улица  Бурлинская 73
Address_street, улица  Бурлинская 74
Address_street, улица  Бурлинская 75
Address_street, улица  Бурлинская  Урицкого
Address_street, улица  Бурлинская  Челюскинцев
Address_street, улица  Бурлинская  Чернореченская
Address_street, улица  Бурлинская  Чехова
Address_street, улица  Бурлинская  Школьная
Address_street, улица  Бурлинская  Шмидта
Address_street, улица  Бурлинская  Ярославского
Precinct_number,1375
Precinct_place, город Искитим ул.Кирова35 (помещение муниципального бюджетного общеобразовательного учреждения – Средняя общеобразовательная школа №2 
Precinct_address, ул.Кирова 35 (помещение муниципального бюджетного общеобразовательного учреждения – Средняя общеобразовательная школа №2 
Address_street, улица   Алтайская с № 19 по № 77  Герцена
Address_street, улица   Алтайская с № 19 по № 77  Кирова
Address_street, улица   Алтайская с № 19 по № 77  Космодемьянской
Address_street, улица   Алтайская с № 19 по № 77  Крупской
Address_street, улица   Алтайская с № 19 по № 77  Новосибирская
Address_street, улица   Алтайская с № 19 по № 77    Пионерская
Address_street, улица   Алтайская с № 19 по № 77 1
Address_street, улица   Алтайская с № 19 по № 77 2
Address_street, улица   Алтайская с № 19 по № 77 3
Address_street, улица   Алтайская с № 19 по № 77 4
Address_street, улица   Алтайская с № 19 по № 77 76
Address_street, улица   Алтайская с № 19 по № 77 77
Address_street, улица   Алтайская с № 19 по № 77 78
Address_street, улица   Алтайская с № 19 по № 77 79
Address_street, улица   Алтайская с № 19 по № 77 80
Address_street, улица   Алтайская с № 19 по № 77 81
Address_street, улица   Алтайская с № 19 по № 77 82
Address_street, улица   Алтайская с № 19 по № 77 83
Address_street, улица   Алтайская с № 19 по № 77 84
Address_street, улица   Алтайская с № 19 по № 77 85
Address_street, улица   Алтайская с № 19 по № 77 86
Address_street, улица   Алтайская с № 19 по № 77 87
Address_street, улица   Алтайская с № 19 по № 77 88
Address_street, улица   Алтайская с № 19 по № 77 89
Address_street, улица   Алтайская с № 19 по № 77 90
Address_street, улица   Алтайская с № 19 по № 77 91
Address_street, улица   Алтайская с № 19 по № 77 92
Address_street, улица   Алтайская с № 19 по № 77 93
Address_street, улица   Алтайская с № 19 по № 77 94
Address_street, улица   Алтайская с № 19 по № 77 95
Address_street, улица   Алтайская с № 19 по № 77 96
Address_street, улица   Алтайская с № 19 по № 77 97
Address_street, улица   Алтайская с № 19 по № 77 98
Address_street, улица   Алтайская с № 19 по № 77 99
Address_street, улица   Алтайская с № 19 по № 77 100
Address_street, улица   Алтайская с № 19 по № 77 101
Address_street, улица   Алтайская с № 19 по № 77 102
Address_street, улица   Алтайская с № 19 по № 77 103
Address_street, улица   Алтайская с № 19 по № 77 104
Address_street, улица   Алтайская с № 19 по № 77 105
Address_street, улица   Алтайская с № 19 по № 77 106
Address_street, улица   Алтайская с № 19 по № 77 107
Address_street, улица   Алтайская с № 19 по № 77 108
Address_street, улица   Алтайская с № 19 по № 77 109
Address_street, улица   Алтайская с № 19 по № 77 110
Address_street, улица   Алтайская с № 19 по № 77 111
Address_street, улица   Алтайская с № 19 по № 77 112
Address_street, улица   Алтайская с № 19 по № 77 113
Address_street, улица   Алтайская с № 19 по № 77 114
Address_street, улица   Алтайская с № 19 по № 77 115
Address_street, улица   Алтайская с № 19 по № 77 116
Address_street, улица   Алтайская с № 19 по № 77 117
Address_street, улица   Алтайская с № 19 по № 77 118
Address_street, улица   Алтайская с № 19 по № 77 119
Address_street, улица   Алтайская с № 19 по № 77 120
Address_street, улица   Алтайская с № 19 по № 77 121
Address_street, улица   Алтайская с № 19 по № 77 122
Address_street, улица   Алтайская с № 19 по № 77 123
Address_street, улица   Алтайская с № 19 по № 77 124
Address_street, улица   Алтайская с № 19 по № 77 125
Address_street, улица   Алтайская с № 19 по № 77 126
Address_street, улица   Алтайская с № 19 по № 77 127
Address_street, улица   Алтайская с № 19 по № 77 128
Address_street, улица   Алтайская с № 19 по № 77 129
Address_street, улица   Алтайская с № 19 по № 77 130
Address_street, улица   Алтайская с № 19 по № 77 131
Address_street, улица   Алтайская с № 19 по № 77 132
Address_street, улица   Алтайская с № 19 по № 77 133
Address_street, улица   Алтайская с № 19 по № 77 134
Address_street, улица   Алтайская с № 19 по № 77 135
Address_street, улица   Алтайская с № 19 по № 77  Толстого
Precinct_number,1376
Precinct_place, город Искитим ул.Коммунистическая59 (помещение муниципального автономного образовательного учреждения дополнительного образования «Центр дополнительного образования» 
Precinct_address, ул.Коммунистическая 59 (помещение муниципального автономного образовательного учреждения дополнительного образования «Центр дополнительного образования» 
Address_street, улица  Заводская нечетные с № 1 по № 53 40
Address_street, улица  Заводская нечетные с № 1 по № 53 41
Address_street, улица  Заводская нечетные с № 1 по № 53 42
Address_street, улица  Заводская нечетные с № 1 по № 53 43
Address_street, улица  Заводская нечетные с № 1 по № 53 44
Address_street, улица  Заводская нечетные с № 1 по № 53 45
Address_street, улица  Заводская нечетные с № 1 по № 53 46
Address_street, улица  Заводская нечетные с № 1 по № 53 47
Address_street, улица  Заводская нечетные с № 1 по № 53 48
Address_street, улица  Заводская нечетные с № 1 по № 53 49
Address_street, улица  Заводская нечетные с № 1 по № 53 50
Address_street, улица  Заводская нечетные с № 1 по № 53 51
Address_street, улица  Заводская нечетные с № 1 по № 53 52
Address_street, улица  Заводская нечетные с № 1 по № 53 53
Address_street, улица  Заводская нечетные с № 1 по № 53 54
Address_street, улица  Заводская нечетные с № 1 по № 53 55
Address_street, улица  Заводская нечетные с № 1 по № 53 5
Address_street, улица  Заводская нечетные с № 1 по № 53 6
Address_street, улица  Заводская нечетные с № 1 по № 53 7
Address_street, улица  Заводская нечетные с № 1 по № 53 8
Address_street, улица  Заводская нечетные с № 1 по № 53 9
Address_street, улица  Заводская нечетные с № 1 по № 53 10
Address_street, улица  Заводская нечетные с № 1 по № 53 11
Address_street, улица  Заводская нечетные с № 1 по № 53 12
Address_street, улица  Заводская нечетные с № 1 по № 53 13
Address_street, улица  Заводская нечетные с № 1 по № 53 14
Address_street, улица  Заводская нечетные с № 1 по № 53 15
Address_street, улица  Заводская нечетные с № 1 по № 53 16
Address_street, улица  Заводская нечетные с № 1 по № 53 17
Address_street, улица  Заводская нечетные с № 1 по № 53 18
Address_street, улица  Заводская нечетные с № 1 по № 53 136
Address_street, улица  Заводская нечетные с № 1 по № 53 137
Address_street, улица  Заводская нечетные с № 1 по № 53 138
Address_street, улица  Заводская нечетные с № 1 по № 53 139
Address_street, улица  Заводская нечетные с № 1 по № 53 140
Address_street, улица  Заводская нечетные с № 1 по № 53 141
Address_street, улица  Заводская нечетные с № 1 по № 53 142
Address_street, улица  Заводская нечетные с № 1 по № 53 143
Address_street, улица  Заводская нечетные с № 1 по № 53 144
Address_street, улица  Заводская нечетные с № 1 по № 53 145
Address_street, улица  Заводская нечетные с № 1 по № 53 146
Address_street, улица  Заводская нечетные с № 1 по № 53 147
Address_street, улица  Заводская нечетные с № 1 по № 53 148
Address_street, улица  Заводская нечетные с № 1 по № 53 149
Address_street, улица  Заводская нечетные с № 1 по № 53 150
Address_street, улица  Заводская нечетные с № 1 по № 53 151
Address_street, улица  Заводская нечетные с № 1 по № 53 152
Address_street, улица  Заводская нечетные с № 1 по № 53 153
Address_street, улица  Заводская нечетные с № 1 по № 53 154
Address_street, улица  Заводская нечетные с № 1 по № 53 155
Address_street, улица  Заводская нечетные с № 1 по № 53 156
Address_street, улица  Заводская нечетные с № 1 по № 53 157
Address_street, улица  Заводская нечетные с № 1 по № 53 158
Address_street, улица  Заводская нечетные с № 1 по № 53 159
Address_street, улица  Заводская нечетные с № 1 по № 53 160
Address_street, улица  Заводская нечетные с № 1 по № 53 161
Address_street, улица  Заводская нечетные с № 1 по № 53 162
Address_street, улица  Заводская нечетные с № 1 по № 53 163
Address_street, улица  Заводская нечетные с № 1 по № 53 164
Address_street, улица  Заводская нечетные с № 1 по № 53 165
Address_street, улица  Заводская нечетные с № 1 по № 53 166
Address_street, улица  Заводская нечетные с № 1 по № 53 167
Address_street, улица  Заводская нечетные с № 1 по № 53 168
Address_street, улица  Заводская нечетные с № 1 по № 53 169
Address_street, улица  Заводская нечетные с № 1 по № 53 170
Address_street, улица  Заводская нечетные с № 1 по № 53  Трудовая.
Precinct_number,1377
Precinct_place, город Искитим ул.Комсомольская 28 (помещение муниципального бюджетного общеобразовательного учреждения – Средняя общеобразовательная школа №1 
Precinct_address, ул.Комсомольская  28 (помещение муниципального бюджетного общеобразовательного учреждения – Средняя общеобразовательная школа №1 
Address_side, переулок  Рабочий  Семипалатинский
Address_side, переулок  Рабочий  Томский
Address_street, улица  Комсомольская с № 31 по № 72 (кроме № 54)  Ленина
Address_street, улица  Комсомольская с № 31 по № 72 (кроме № 54)  Матросова
Address_street, улица  Комсомольская с № 31 по № 72 (кроме № 54)  Мостовая
Address_street, улица  Комсомольская с № 31 по № 72 (кроме № 54)  Октябрьская
Address_street, улица  Комсомольская с № 31 по № 72 (кроме № 54)  Рабочая
Address_street, улица  Комсомольская с № 31 по № 72 (кроме № 54)  Радиаторная
Address_street, улица  Комсомольская с № 31 по № 72 (кроме № 54)  Семипалатинская (кроме № 1
Address_street, улица  Комсомольская с № 31 по № 72 (кроме № 54) 63
Address_street, улица  Комсомольская с № 31 по № 72 (кроме № 54) 64
Address_street, улица  Комсомольская с № 31 по № 72 (кроме № 54) 65
Address_street, улица  Комсомольская с № 31 по № 72 (кроме № 54) 66
Address_street, улица  Комсомольская с № 31 по № 72 (кроме № 54) 67
Address_street, улица  Комсомольская с № 31 по № 72 (кроме № 54) 68
Address_street, улица  Комсомольская с № 31 по № 72 (кроме № 54) 69
Address_street, улица  Комсомольская с № 31 по № 72 (кроме № 54) 70
Address_street, улица  Комсомольская с № 31 по № 72 (кроме № 54) 71
Address_street, улица  Комсомольская с № 31 по № 72 (кроме № 54) 72
Address_street, улица  Комсомольская с № 31 по № 72 (кроме № 54) 73
Address_street, улица  Комсомольская с № 31 по № 72 (кроме № 54) 74
Address_street, улица  Комсомольская с № 31 по № 72 (кроме № 54) 75
Address_street, улица  Комсомольская с № 31 по № 72 (кроме № 54) 76
Address_street, улица  Комсомольская с № 31 по № 72 (кроме № 54) 77
Address_street, улица  Комсомольская с № 31 по № 72 (кроме № 54) 78
Address_street, улица  Комсомольская с № 31 по № 72 (кроме № 54) 79
Address_street, улица  Комсомольская с № 31 по № 72 (кроме № 54) 80
Address_street, улица  Комсомольская с № 31 по № 72 (кроме № 54) 81
Address_street, улица  Комсомольская с № 31 по № 72 (кроме № 54) 82
Address_street, улица  Комсомольская с № 31 по № 72 (кроме № 54) 83
Address_street, улица  Комсомольская с № 31 по № 72 (кроме № 54)  Советская №№ 170
Address_street, улица  Комсомольская с № 31 по № 72 (кроме № 54)  172
Address_street, улица  Комсомольская с № 31 по № 72 (кроме № 54)  174
Address_street, улица  Комсомольская с № 31 по № 72 (кроме № 54)  177
Address_street, улица  Комсомольская с № 31 по № 72 (кроме № 54)  179
Address_street, улица  Комсомольская с № 31 по № 72 (кроме № 54)  181
Address_street, улица  Комсомольская с № 31 по № 72 (кроме № 54)  186
Address_street, улица  Комсомольская с № 31 по № 72 (кроме № 54)  188
Address_street, улица  Комсомольская с № 31 по № 72 (кроме № 54)  190
Address_street, улица  Комсомольская с № 31 по № 72 (кроме № 54)  191
Address_street, улица  Комсомольская с № 31 по № 72 (кроме № 54)  192
Address_street, улица  Комсомольская с № 31 по № 72 (кроме № 54)  193
Address_street, улица  Комсомольская с № 31 по № 72 (кроме № 54)  195
Address_street, улица  Комсомольская с № 31 по № 72 (кроме № 54)  197
Address_street, улица  Комсомольская с № 31 по № 72 (кроме № 54)  199
Address_street, улица  Комсомольская с № 31 по № 72 (кроме № 54)  201
Address_street, улица  Комсомольская с № 31 по № 72 (кроме № 54)  Томская
Address_street, улица  Комсомольская с № 31 по № 72 (кроме № 54)  Чайкиной.
Precinct_number,1378
Precinct_place,монтажный колледж» 
Precinct_address,монтажный колледж»)  монтажный колледж» 
Address_side, переулок  Весовой
Address_street, улица  Алтайская с № 1 по № 18 1
Address_street, улица  Алтайская с № 1 по № 18 2
Address_street, улица  Алтайская с № 1 по № 18 3
Address_street, улица  Алтайская с № 1 по № 18 4
Address_street, улица  Алтайская с № 1 по № 18 5
Address_street, улица  Алтайская с № 1 по № 18 6
Address_street, улица  Алтайская с № 1 по № 18 7
Address_street, улица  Алтайская с № 1 по № 18 8
Address_street, улица  Алтайская с № 1 по № 18 9
Address_street, улица  Алтайская с № 1 по № 18 10
Address_street, улица  Алтайская с № 1 по № 18 11
Address_street, улица  Алтайская с № 1 по № 18 12
Address_street, улица  Алтайская с № 1 по № 18 13
Address_street, улица  Алтайская с № 1 по № 18 14
Address_street, улица  Алтайская с № 1 по № 18 15
Address_street, улица  Алтайская с № 1 по № 18 16
Address_street, улица  Алтайская с № 1 по № 18 17
Address_street, улица  Алтайская с № 1 по № 18 18
Address_street, улица  Алтайская с № 1 по № 18 19
Address_street, улица  Алтайская с № 1 по № 18 20
Address_street, улица  Алтайская с № 1 по № 18 21
Address_street, улица  Алтайская с № 1 по № 18 22
Address_street, улица  Алтайская с № 1 по № 18 23
Address_street, улица  Алтайская с № 1 по № 18 24
Address_street, улица  Алтайская с № 1 по № 18 3
Address_street, улица  Алтайская с № 1 по № 18 4
Address_street, улица  Алтайская с № 1 по № 18 5
Address_street, улица  Алтайская с № 1 по № 18 6
Address_street, улица  Алтайская с № 1 по № 18 7
Address_street, улица  Алтайская с № 1 по № 18 8
Address_street, улица  Алтайская с № 1 по № 18 9
Address_street, улица  Алтайская с № 1 по № 18 10
Address_street, улица  Алтайская с № 1 по № 18 11
Address_street, улица  Алтайская с № 1 по № 18 12
Address_street, улица  Алтайская с № 1 по № 18 13
Address_street, улица  Алтайская с № 1 по № 18 14
Address_street, улица  Алтайская с № 1 по № 18 15
Address_street, улица  Алтайская с № 1 по № 18 16
Address_street, улица  Алтайская с № 1 по № 18 17
Address_street, улица  Алтайская с № 1 по № 18 18
Address_street, улица  Алтайская с № 1 по № 18 19
Address_street, улица  Алтайская с № 1 по № 18 20
Address_street, улица  Алтайская с № 1 по № 18 21
Address_street, улица  Алтайская с № 1 по № 18 22
Address_street, улица  Алтайская с № 1 по № 18 23
Address_street, улица  Алтайская с № 1 по № 18 24
Address_street, улица  Алтайская с № 1 по № 18 25
Address_street, улица  Алтайская с № 1 по № 18 26
Address_street, улица  Алтайская с № 1 по № 18 27
Address_street, улица  Алтайская с № 1 по № 18 28
Address_street, улица  Алтайская с № 1 по № 18 29
Address_street, улица  Алтайская с № 1 по № 18 30
Address_street, улица  Алтайская с № 1 по № 18 31
Address_street, улица  Алтайская с № 1 по № 18 32
Address_street, улица  Алтайская с № 1 по № 18 33
Address_street, улица  Алтайская с № 1 по № 18 34
Address_street, улица  Алтайская с № 1 по № 18 35
Address_street, улица  Алтайская с № 1 по № 18 36
Address_street, улица  Алтайская с № 1 по № 18 37
Address_street, улица  Алтайская с № 1 по № 18 1а
Address_street, улица  Алтайская с № 1 по № 18 1
Address_street, улица  Алтайская с № 1 по № 18 2
Address_street, улица  Алтайская с № 1 по № 18 3
Address_street, улица  Алтайская с № 1 по № 18 4
Address_street, улица  Алтайская с № 1 по № 18 5
Address_street, улица  Алтайская с № 1 по № 18 6
Address_street, улица  Алтайская с № 1 по № 18 7
Address_street, улица  Алтайская с № 1 по № 18 8
Address_street, улица  Алтайская с № 1 по № 18 9
Address_street, улица  Алтайская с № 1 по № 18 10
Address_street, улица  Алтайская с № 1 по № 18 11
Address_street, улица  Алтайская с № 1 по № 18 12
Address_street, улица  Алтайская с № 1 по № 18 13
Address_street, улица  Алтайская с № 1 по № 18 14
Address_street, улица  Алтайская с № 1 по № 18 15
Address_street, улица  Алтайская с № 1 по № 18 16
Address_street, улица  Алтайская с № 1 по № 18 17
Address_street, улица  Алтайская с № 1 по № 18 18
Address_street, улица  Алтайская с № 1 по № 18 19
Address_street, улица  Алтайская с № 1 по № 18 20
Address_street, улица  Алтайская с № 1 по № 18 21
Address_street, улица  Алтайская с № 1 по № 18 22
Address_street, улица  Алтайская с № 1 по № 18 23
Address_street, улица  Алтайская с № 1 по № 18 24
Address_street, улица  Алтайская с № 1 по № 18 24а
Address_street, улица  Алтайская с № 1 по № 18  Пушкина № 19
Address_street, улица  Алтайская с № 1 по № 18  21
Address_street, улица  Алтайская с № 1 по № 18  22
Address_street, улица  Алтайская с № 1 по № 18  23
Address_street, улица  Алтайская с № 1 по № 18  25
Address_street, улица  Алтайская с № 1 по № 18  26
Address_street, улица  Алтайская с № 1 по № 18  26а
Address_street, улица  Алтайская с № 1 по № 18  27
Address_street, улица  Алтайская с № 1 по № 18  29
Address_street, улица  Алтайская с № 1 по № 18  31
Address_street, улица  Алтайская с № 1 по № 18  33
Address_street, улица  Алтайская с № 1 по № 18  43
Address_street, улица  Алтайская с № 1 по № 18  45
Address_street, улица  Алтайская с № 1 по № 18  Станционная
Address_street, улица  Алтайская с № 1 по № 18  1 Станционная
Address_street, улица  Алтайская с № 1 по № 18   Чернышевского
Precinct_number,1379
Precinct_place, город Искитим ул.Коротеева 1а (помещение муниципального бюджетного общеобразовательного учреждения – Средняя общеобразовательная школа №5 
Precinct_address, ул.Коротеева  1а (помещение муниципального бюджетного общеобразовательного учреждения – Средняя общеобразовательная школа №5 
Address_street, улица  Коротеева № 24
Precinct_number,1380
Precinct_place, город Искитим ул.Пушкина65 (помещение муниципального бюджетного учреждения «Парк культуры и отдыха имени  И.В.Коротеева» 
Precinct_address, ул.Пушкина 65 (помещение муниципального бюджетного учреждения «Парк культуры и отдыха имени  И.В.Коротеева» 
Address_street, улица  Пушкина №№ 28б  36
Address_street, улица  Пушкина №№ 28б  38
Address_street, улица  Пушкина №№ 28б  40
Address_street, улица  Пушкина №№ 28б  42
Address_street, улица  Пушкина №№ 28б  53
Precinct_number,1381
Precinct_place, город Искитим ул.Пушкина79 (помещение ООО «Прогресс» 
Precinct_address, ул.Пушкина 79 (помещение ООО «Прогресс» 
Address_street, улица  Базарная  Больничная
Address_street, улица  Базарная   Линейная
Address_street, улица  Базарная  Логовская
Address_street, улица  Базарная 52
Address_street, улица  Базарная 53
Precinct_number,1382
Precinct_place, город Искитим ул. Советская 221 (помещение жилого дома 
Precinct_address, ул. Советская  221 (помещение жилого дома 
Address_street, улица   Вокзальная  Заречная
Address_street, улица   Вокзальная 16
Address_street, улица   Вокзальная 17
Address_street, улица   Вокзальная 18
Address_street, улица   Вокзальная 19
Address_street, улица   Вокзальная 20
Address_street, улица   Вокзальная 21
Address_street, улица   Вокзальная 22
Address_street, улица   Вокзальная 23
Address_street, улица   Вокзальная 24
Address_street, улица   Вокзальная 25
Address_street, улица   Вокзальная 26
Address_street, улица   Вокзальная 27
Address_street, улица   Вокзальная 28
Address_street, улица   Вокзальная 29
Address_street, улица   Вокзальная 30
Address_street, улица   Вокзальная 31
Address_street, улица   Вокзальная 32
Address_street, улица   Вокзальная 33
Address_street, улица   Вокзальная 34
Address_street, улица   Вокзальная 35
Address_street, улица   Вокзальная 36
Address_street, улица   Вокзальная 37
Address_street, улица   Вокзальная 38
Address_street, улица   Вокзальная 39
Address_street, улица   Вокзальная 40
Address_street, улица   Вокзальная 41
Address_street, улица   Вокзальная 42
Address_street, улица   Вокзальная 43
Address_street, улица   Вокзальная 44
Address_street, улица   Вокзальная 45
Address_street, улица   Вокзальная 46
Address_street, улица   Вокзальная 47
Address_street, улица   Вокзальная 48
Address_street, улица   Вокзальная 49
Address_street, улица   Вокзальная 50
Address_street, улица   Вокзальная 51
Address_street, улица   Вокзальная 52
Address_street, улица   Вокзальная 53
Address_street, улица   Вокзальная 54
Address_street, улица   Вокзальная 55
Address_street, улица   Вокзальная 56
Address_street, улица   Вокзальная 57
Address_street, улица   Вокзальная 58
Address_street, улица   Вокзальная 59
Address_street, улица   Вокзальная 60
Address_street, улица   Вокзальная 61
Address_street, улица   Вокзальная 62
Address_street, улица   Вокзальная 63
Address_street, улица   Вокзальная 64
Address_street, улица   Вокзальная 65
Address_street, улица   Вокзальная 66
Address_street, улица   Вокзальная 67
Address_street, улица   Вокзальная 68
Address_street, улица   Вокзальная 69
Address_street, улица   Вокзальная 70
Address_street, улица   Вокзальная 71
Address_street, улица   Вокзальная 72
Address_street, улица   Вокзальная 73
Address_street, улица   Вокзальная 74
Address_street, улица   Вокзальная 75
Address_street, улица   Вокзальная 76
Address_street, улица   Вокзальная 3
Address_street, улица   Вокзальная 4
Address_street, улица   Вокзальная 5
Address_street, улица   Вокзальная 6
Address_street, улица   Вокзальная 7
Address_street, улица   Вокзальная 8
Address_street, улица   Вокзальная 9
Address_street, улица   Вокзальная 10
Address_street, улица   Вокзальная 11
Address_street, улица   Вокзальная 12
Address_street, улица   Вокзальная 13
Address_street, улица   Вокзальная 14
Address_street, улица   Вокзальная 15
Address_street, улица   Вокзальная 16
Address_street, улица   Вокзальная 17
Address_street, улица   Вокзальная  Комсомольская №№ 54
Address_street, улица   Вокзальная  73
Address_street, улица   Вокзальная  Садовая
Address_street, улица   Вокзальная  Свердлова
Address_street, улица   Вокзальная  Семипалатинская № 1
Address_street, улица   Вокзальная 63
Address_street, улица   Вокзальная 64
Address_street, улица   Вокзальная 65
Address_street, улица   Вокзальная 66
Address_street, улица   Вокзальная 67
Address_street, улица   Вокзальная 68
Address_street, улица   Вокзальная 69
Address_street, улица   Вокзальная 70
Address_street, улица   Вокзальная 71
Address_street, улица   Вокзальная 72
Address_street, улица   Вокзальная 73
Address_street, улица   Вокзальная 74
Address_street, улица   Вокзальная 75
Address_street, улица   Вокзальная 76
Address_street, улица   Вокзальная 77
Address_street, улица   Вокзальная 78
Address_street, улица   Вокзальная 79
Address_street, улица   Вокзальная 80
Address_street, улица   Вокзальная 81
Address_street, улица   Вокзальная 82
Address_street, улица   Вокзальная 83
Address_street, улица   Вокзальная 84
Address_street, улица   Вокзальная 85
Address_street, улица   Вокзальная 86
Address_street, улица   Вокзальная 87
Address_street, улица   Вокзальная 88
Address_street, улица   Вокзальная 89
Address_street, улица   Вокзальная 90
Address_street, улица   Вокзальная 91
Address_street, улица   Вокзальная 92
Address_street, улица   Вокзальная 93
Address_street, улица   Вокзальная 94
Address_street, улица   Вокзальная 95
Address_street, улица   Вокзальная 96
Address_street, улица   Вокзальная 97
Address_street, улица   Вокзальная 98
Address_street, улица   Вокзальная 99
Address_street, улица   Вокзальная 100
Address_street, улица   Вокзальная 101
Address_street, улица   Вокзальная 102
Address_street, улица   Вокзальная 103
Address_street, улица   Вокзальная 104
Address_street, улица   Вокзальная 105
Address_street, улица   Вокзальная 106
Address_street, улица   Вокзальная 107
Address_street, улица   Вокзальная 108
Address_street, улица   Вокзальная 109
Address_street, улица   Вокзальная 110
Address_street, улица   Вокзальная 111
Address_street, улица   Вокзальная 112
Address_street, улица   Вокзальная 113
Address_street, улица   Вокзальная 114
Address_street, улица   Вокзальная 115
Address_street, улица   Вокзальная 116
Address_street, улица   Вокзальная 117
Address_street, улица   Вокзальная 118
Address_street, улица   Вокзальная 119
Address_street, улица   Вокзальная 120
Address_street, улица   Вокзальная 121
Address_street, улица   Вокзальная 122
Address_street, улица   Вокзальная 123
Address_street, улица   Вокзальная 124
Address_street, улица   Вокзальная 125
Address_street, улица   Вокзальная 126
Address_street, улица   Вокзальная 127
Address_street, улица   Вокзальная 128
Address_street, улица   Вокзальная 129
Address_street, улица   Вокзальная 130
Address_street, улица   Вокзальная 131
Address_street, улица   Вокзальная 132
Address_street, улица   Вокзальная 133
Address_street, улица   Вокзальная 134
Address_street, улица   Вокзальная 135
Address_street, улица   Вокзальная 136
Address_street, улица   Вокзальная 137
Address_street, улица   Вокзальная 138
Address_street, улица   Вокзальная 139
Address_street, улица   Вокзальная 140
Address_street, улица   Вокзальная 141
Address_street, улица   Вокзальная 142
Address_street, улица   Вокзальная 143
Address_street, улица   Вокзальная 144
Address_street, улица   Вокзальная 145
Address_street, улица   Вокзальная 146
Address_street, улица   Вокзальная 147
Address_street, улица   Вокзальная 148
Address_street, улица   Вокзальная 149
Address_street, улица   Вокзальная 150
Address_street, улица   Вокзальная 151
Address_street, улица   Вокзальная 152
Address_street, улица   Вокзальная 153
Address_street, улица   Вокзальная 154
Address_street, улица   Вокзальная 155
Address_street, улица   Вокзальная 156
Address_street, улица   Вокзальная 157
Address_street, улица   Вокзальная 158
Address_street, улица   Вокзальная 159
Address_street, улица   Вокзальная 160
Address_street, улица   Вокзальная 161
Address_street, улица   Вокзальная 162
Address_street, улица   Вокзальная 163
Address_street, улица   Вокзальная 164
Address_street, улица   Вокзальная 165
Address_street, улица   Вокзальная 166
Address_street, улица   Вокзальная 167
Address_street, улица   Вокзальная 168
Address_street, улица   Вокзальная 169
Address_street, улица   Вокзальная 170
Address_street, улица   Вокзальная 171
Address_street, улица   Вокзальная 172
Address_street, улица   Вокзальная 173
Address_street, улица   Вокзальная 174
Address_street, улица   Вокзальная 175
Address_street, улица   Вокзальная 176
Address_street, улица   Вокзальная 177
Address_street, улица   Вокзальная 178
Address_street, улица   Вокзальная 179
Address_street, улица   Вокзальная 180
Address_street, улица   Вокзальная 181
Address_street, улица   Вокзальная 182
Address_street, улица   Вокзальная 183
Address_street, улица   Вокзальная 184
Address_street, улица   Вокзальная 185
Address_street, улица   Вокзальная 186
Address_street, улица   Вокзальная 187
Address_street, улица   Вокзальная 188
Address_street, улица   Вокзальная 189
Address_street, улица   Вокзальная 190
Address_street, улица   Вокзальная 191
Address_street, улица   Вокзальная 192
Address_street, улица   Вокзальная 193
Address_street, улица   Вокзальная 194
Address_street, улица   Вокзальная 195
Address_street, улица   Вокзальная 196
Address_street, улица   Вокзальная 197
Address_street, улица   Вокзальная 198
Address_street, улица   Вокзальная 199
Address_street, улица   Вокзальная 200
Address_street, улица   Вокзальная 201
Address_street, улица   Вокзальная 202
Address_street, улица   Вокзальная 203
Address_street, улица   Вокзальная 204
Address_street, улица   Вокзальная 205
Address_street, улица   Вокзальная 206
Address_street, улица   Вокзальная 207
Address_street, улица   Вокзальная 208
Address_street, улица   Вокзальная 209
Address_street, улица   Вокзальная 210
Address_street, улица   Вокзальная 211
Address_street, улица   Вокзальная 212
Address_street, улица   Вокзальная 213
Address_street, улица   Вокзальная 214
Address_street, улица   Вокзальная 215
Address_street, улица   Вокзальная 216
Address_street, улица   Вокзальная 217
Address_street, улица   Вокзальная 218
Address_street, улица   Вокзальная 219
Address_street, улица   Вокзальная 220
Address_street, улица   Вокзальная 221
Address_street, улица   Вокзальная  221а
Address_street, улица   Вокзальная  Чкалова».
Precinct_number,1383
Precinct_place, город Искитим ул. Советская 252 (помещение Муниципального казенного учреждения «Управление образования и молодежной политики» 
Precinct_address, ул. Советская  252 (помещение Муниципального казенного учреждения «Управление образования и молодежной политики» 
Address_side, переулок  Лесосплава
Address_street, улица   Декабристов  Калинина
Address_street, улица   Декабристов  Коротеева  с № 11 и до конца (кроме № 24)
Address_street, улица   Декабристов  Лермонтова нечетные с № 45 и четные с № 52 и до конца
Address_street, улица   Декабристов  Лесосплава
Address_street, улица   Декабристов  Обская
Address_street, улица   Декабристов  Омская
Address_street, улица   Декабристов  Революции
Address_street, улица   Декабристов   Советская №№  277
Address_street, улица   Декабристов  278
Address_street, улица   Декабристов  280
Address_street, улица   Декабристов  281
Address_street, улица   Декабристов  282
Address_street, улица   Декабристов  283
Address_street, улица   Декабристов  284
Address_street, улица   Декабристов  284а
Address_street, улица   Декабристов  285
Address_street, улица   Декабристов   286
Address_street, улица   Декабристов  287
Address_street, улица   Декабристов  288
Address_street, улица   Декабристов  289
Address_street, улица   Декабристов  290
Address_street, улица   Декабристов  291
Address_street, улица   Декабристов  292
Address_street, улица   Декабристов  Терешковой
Address_street, улица   Декабристов  Фрунзе.
Precinct_number,1384
Precinct_place, город Искитим микрорайон Индустриальный 44 (помещение муниципального автономного общеобразовательного учреждения – Средняя общеобразовательная школа №4 
Precinct_address, микрорайон Индустриальный  44 (помещение муниципального автономного общеобразовательного учреждения – Средняя общеобразовательная школа №4 
Address_street, улица  Бердская с №52 по №88   Котовского
Address_street, улица  Бердская с №52 по №88   Краснодонцев №10
Address_street, улица  Бердская с №52 по №88   Ломоносова
Address_street, улица  Бердская с №52 по №88  Советская №№  317
Address_street, улица  Бердская с №52 по №88  319
Address_street, улица  Бердская с №52 по №88  323
Address_street, улица  Бердская с №52 по №88  325
Address_street, улица  Бердская с №52 по №88  Черепановская
Address_street, улица  Бердская с №52 по №88  Щорса.
Precinct_number,1385
Precinct_place, город Искитим микрорайон Индустриальный 9а  (помещение муниципального бюджетного общеобразовательного учреждения – Средняя общеобразовательная школа №3 
Precinct_address, микрорайон Индустриальный  9а  (помещение муниципального бюджетного общеобразовательного учреждения – Средняя общеобразовательная школа №3 
Precinct_number,1386
Precinct_place, город Искитим микрорайон Индустриальный 9а  (помещение муниципального бюджетного общеобразовательного учреждения – Средняя общеобразовательная школа №3 
Precinct_address, микрорайон Индустриальный  9а  (помещение муниципального бюджетного общеобразовательного учреждения – Средняя общеобразовательная школа №3 
Address_street, улица  Бердская с №1 по №18 3
Address_street, улица  Бердская с №1 по №18 4
Address_street, улица  Бердская с №1 по №18 5
Address_street, улица  Бердская с №1 по №18 6
Address_street, улица  Бердская с №1 по №18 7
Address_street, улица  Бердская с №1 по №18 8
Address_street, улица  Бердская с №1 по №18 9
Address_street, улица  Бердская с №1 по №18 10
Address_street, улица  Бердская с №1 по №18 11
Address_street, улица  Бердская с №1 по №18 12
Address_street, улица  Бердская с №1 по №18 13
Address_street, улица  Бердская с №1 по №18 14
Address_street, улица  Бердская с №1 по №18 15
Address_street, улица  Бердская с №1 по №18 16
Address_street, улица  Бердская с №1 по №18 17
Address_street, улица  Бердская с №1 по №18 18
Address_street, улица  Бердская с №1 по №18 19
Address_street, улица  Бердская с №1 по №18 20
Address_street, улица  Бердская с №1 по №18 21
Address_street, улица  Бердская с №1 по №18 22
Address_street, улица  Бердская с №1 по №18 23
Address_street, улица  Бердская с №1 по №18 24
Address_street, улица  Бердская с №1 по №18 25
Address_street, улица  Бердская с №1 по №18 26
Address_street, улица  Бердская с №1 по №18 27
Address_street, улица  Бердская с №1 по №18 28
Address_street, улица  Бердская с №1 по №18 29
Address_street, улица  Бердская с №1 по №18 30
Address_street, улица  Бердская с №1 по №18 31
Address_street, улица  Бердская с №1 по №18 32
Address_street, улица  Бердская с №1 по №18 33
Address_street, улица  Бердская с №1 по №18 34
Address_street, улица  Бердская с №1 по №18 35
Address_street, улица  Бердская с №1 по №18 36
Address_street, улица  Бердская с №1 по №18 37
Address_street, улица  Бердская с №1 по №18 38
Address_street, улица  Бердская с №1 по №18 39
Address_street, улица  Бердская с №1 по №18 40
Address_street, улица  Бердская с №1 по №18 41
Address_street, улица  Бердская с №1 по №18 42
Address_street, улица  Бердская с №1 по №18 43
Address_street, улица  Бердская с №1 по №18 2
Address_street, улица  Бердская с №1 по №18 3
Address_street, улица  Бердская с №1 по №18 4
Address_street, улица  Бердская с №1 по №18 5
Address_street, улица  Бердская с №1 по №18 6
Address_street, улица  Бердская с №1 по №18 7
Address_street, улица  Бердская с №1 по №18 8
Address_street, улица  Бердская с №1 по №18 9
Address_street, улица  Бердская с №1 по №18 10
Address_street, улица  Бердская с №1 по №18 11
Address_street, улица  Бердская с №1 по №18 12
Address_street, улица  Бердская с №1 по №18 13
Address_street, улица  Бердская с №1 по №18 14
Address_street, улица  Бердская с №1 по №18 15
Address_street, улица  Бердская с №1 по №18 16
Address_street, улица  Бердская с №1 по №18 17
Address_street, улица  Бердская с №1 по №18 18
Address_street, улица  Бердская с №1 по №18 19
Address_street, улица  Бердская с №1 по №18 20
Address_street, улица  Бердская с №1 по №18 21
Address_street, улица  Бердская с №1 по №18 22
Address_street, улица  Бердская с №1 по №18 23
Address_street, улица  Бердская с №1 по №18 24
Address_street, улица  Бердская с №1 по №18 25
Address_street, улица  Бердская с №1 по №18 26
Address_street, улица  Бердская с №1 по №18 27
Address_street, улица  Бердская с №1 по №18 28
Address_street, улица  Бердская с №1 по №18 29
Address_street, улица  Бердская с №1 по №18 30
Address_street, улица  Бердская с №1 по №18 31
Address_street, улица  Бердская с №1 по №18 32
Address_street, улица  Бердская с №1 по №18 33
Address_street, улица  Бердская с №1 по №18 34
Address_street, улица  Бердская с №1 по №18 35
Address_street, улица  Бердская с №1 по №18 36
Address_street, улица  Бердская с №1 по №18 37
Address_street, улица  Бердская с №1 по №18 38
Address_street, улица  Бердская с №1 по №18 39
Address_street, улица  Бердская с №1 по №18 40
Address_street, улица  Бердская с №1 по №18 41
Address_street, улица  Бердская с №1 по №18 42
Address_street, улица  Бердская с №1 по №18 43
Address_street, улица  Бердская с №1 по №18 44
Address_street, улица  Бердская с №1 по №18 45
Address_street, улица  Бердская с №1 по №18 46
Address_street, улица  Бердская с №1 по №18 47
Address_street, улица  Бердская с №1 по №18 48
Address_street, улица  Бердская с №1 по №18  Чапаева
Precinct_number,1387
Precinct_place, город Искитим микрорайон Индустриальный11б (помещение муниципального бюджетного учреждения «Молодежный центр» города Искитима 
Precinct_address, микрорайон Индустриальный 11б (помещение муниципального бюджетного учреждения «Молодежный центр» города Искитима 
Address_street, улица  Искитимская  Мичурина
Address_street, улица  Искитимская  Набережная
Address_street, улица  Искитимская  Первомайская
Address_street, улица  Искитимская  Советская №№  335
Address_street, улица  Искитимская  337
Address_street, улица  Искитимская  339
Address_street, улица  Искитимская  341
Address_street, улица  Искитимская  345
Address_street, улица  Искитимская  347
Address_street, улица  Индустриальный микрорайон  №№  9  10
Address_street, улица  Индустриальный микрорайон  №№  9  10а
Address_street, улица  Индустриальный микрорайон  №№  9  11
Address_street, улица  Индустриальный микрорайон  №№  9  12
Address_street, улица  Индустриальный микрорайон  №№  9  14
Address_street, улица  Индустриальный микрорайон  №№  9  14а
Address_street, улица  Индустриальный микрорайон  №№  9  15
Address_street, улица  Индустриальный микрорайон  №№  9  15а
Address_street, улица  Индустриальный микрорайон  №№  9  16
Address_street, улица  Индустриальный микрорайон  №№  9  17
Address_street, улица  Индустриальный микрорайон  №№  9  18
Address_street, улица  Набережный жилмассив
Address_street, улица  территория жилмассив Набережный.
Precinct_number,1388
Precinct_place, город Искитим ул.Литейная 5 (помещение муниципального бюджетного  учреждения Дом культуры «Молодость» 
Precinct_address, ул.Литейная  5 (помещение муниципального бюджетного  учреждения Дом культуры «Молодость» 
Address_side, переулок  Алма-Атинский
Address_street, улица  Алма-Атинская  Барнаульская
Address_street, улица  Алма-Атинская  Зеленая
Address_street, улица  Алма-Атинская  Койновская
Address_street, улица  Алма-Атинская  Кооперативная
Address_street, улица  Алма-Атинская  Литейная
Address_street, улица  Алма-Атинская 355
Address_street, улица  Алма-Атинская 356
Address_street, улица  Алма-Атинская 357
Address_street, улица  Алма-Атинская 358
Address_street, улица  Алма-Атинская 359
Address_street, улица  Алма-Атинская 360
Address_street, улица  Алма-Атинская 361
Address_street, улица  Алма-Атинская 362
Address_street, улица  Алма-Атинская 363
Address_street, улица  Алма-Атинская 364
Address_street, улица  Алма-Атинская 365
Address_street, улица  Алма-Атинская 366
Address_street, улица  Алма-Атинская 367
Address_street, улица  Алма-Атинская 368
Address_street, улица  Алма-Атинская 369
Address_street, улица  Алма-Атинская 370
Address_street, улица  Алма-Атинская 371
Address_street, улица  Алма-Атинская 372
Address_street, улица  Алма-Атинская 373
Address_street, улица  Алма-Атинская 374
Address_street, улица  Алма-Атинская 375
Address_street, улица  Алма-Атинская 376
Address_street, улица  Алма-Атинская 377
Address_street, улица  Алма-Атинская 378
Address_street, улица  Алма-Атинская 379
Address_street, улица  Алма-Атинская 380
Address_street, улица  Алма-Атинская 381
Address_street, улица  Алма-Атинская 382
Address_street, улица  Алма-Атинская 383
Address_street, улица  Алма-Атинская 384
Address_street, улица  Алма-Атинская 385
Address_street, улица  Алма-Атинская 386
Address_street, улица  Алма-Атинская 387
Address_street, улица  Алма-Атинская 388
Address_street, улица  Алма-Атинская 389
Address_street, улица  Алма-Атинская 390
Address_street, улица  Алма-Атинская 391
Address_street, улица  Алма-Атинская 392
Address_street, улица  Алма-Атинская 393
Address_street, улица  Алма-Атинская 394
Address_street, улица  Алма-Атинская 395
Address_street, улица  Алма-Атинская 396
Address_street, улица  Алма-Атинская 397
Address_street, улица  Алма-Атинская 398
Address_street, улица  Алма-Атинская 399
Address_street, улица  Алма-Атинская 400
Address_street, улица  Алма-Атинская 401
Address_street, улица  Алма-Атинская 402
Address_street, улица  Алма-Атинская 403
Address_street, улица  Алма-Атинская 404
Address_street, улица  Алма-Атинская 405
Address_street, улица  Алма-Атинская 406
Address_street, улица  Алма-Атинская 407
Address_street, улица  Алма-Атинская 408
Address_street, улица  Алма-Атинская 409
Address_street, улица  Алма-Атинская 410
Address_street, улица  Алма-Атинская 411
Address_street, улица  Алма-Атинская 412
Address_street, улица  Алма-Атинская 413
Address_street, улица  Алма-Атинская 414
Address_street, улица  Алма-Атинская 415
Address_street, улица  Алма-Атинская 416
Address_street, улица  Алма-Атинская 417
Address_street, улица  Алма-Атинская 418
Address_street, улица  Алма-Атинская 419
Address_street, улица  Алма-Атинская 420
Address_street, улица  Алма-Атинская 421
Address_street, улица  Алма-Атинская 422
Address_street, улица  Алма-Атинская 423
Address_street, улица  Алма-Атинская 424
Address_street, улица  Алма-Атинская 425
Address_street, улица  Алма-Атинская 426
Address_street, улица  Алма-Атинская 427
Address_street, улица  Алма-Атинская 428
Address_street, улица  Алма-Атинская 429
Address_street, улица  Алма-Атинская 430
Address_street, улица  Алма-Атинская 431
Address_street, улица  Алма-Атинская 432
Address_street, улица  Алма-Атинская 433
Address_street, улица  Алма-Атинская 434
Address_street, улица  Алма-Атинская 435
Address_street, улица  Алма-Атинская 436
Address_street, улица  Алма-Атинская 437
Address_street, улица  Алма-Атинская 438
Address_street, улица  Алма-Атинская 439
Address_street, улица  Алма-Атинская 440
Address_street, улица  Алма-Атинская 441
Address_street, улица  Алма-Атинская 442
Address_street, улица  Алма-Атинская 443
Address_street, улица  Алма-Атинская 444
Address_street, улица  Алма-Атинская 445
Address_street, улица  Алма-Атинская 446
Address_street, улица  Алма-Атинская 447
Address_street, улица  Алма-Атинская 448
Address_street, улица  Алма-Атинская 449
Address_street, улица  Алма-Атинская 450
Address_street, улица  Алма-Атинская 451
Address_street, улица  Алма-Атинская 452
Address_street, улица  Алма-Атинская 453
Address_street, улица  Алма-Атинская 454
Address_street, улица  Алма-Атинская 455
Address_street, улица  Алма-Атинская 456
Address_street, улица  Алма-Атинская 457
Address_street, улица  Алма-Атинская 458
Address_street, улица  Алма-Атинская 459
Address_street, улица  Алма-Атинская 460
Address_street, улица  Алма-Атинская 461
Address_street, улица  Алма-Атинская 462
Address_street, улица  Алма-Атинская 463
Address_street, улица  Алма-Атинская 464
Address_street, улица  Алма-Атинская 465
Address_street, улица  Алма-Атинская 466
Address_street, улица  Алма-Атинская 467
Address_street, улица  Алма-Атинская 468
Address_street, улица  Алма-Атинская 469
Address_street, улица  Алма-Атинская 470
Address_street, улица  Алма-Атинская 471
Address_street, улица  Алма-Атинская 472
Address_street, улица  Алма-Атинская 473
Address_street, улица  Алма-Атинская 474
Address_street, улица  Алма-Атинская 475
Address_street, улица  Алма-Атинская 475а
Address_street, улица  Алма-Атинская  Фурманова
Precinct_number,1389
Precinct_place,юношеская спортивная школа 
Precinct_address,юношеская спортивная школа)  юношеская спортивная школа 
Address_street, улица  Береговая  Боровая
Address_street, улица  Береговая  Дачная
Address_street, улица  Береговая  Легостаевская
Address_street, улица  Береговая  Парковая
Address_street, улица  Солнечный жилмассив
Address_place,  жилмассив Солнечный.
Precinct_number,1390
Precinct_place, город Искитим ул. Прорабская 2а (помещение муниципального бюджетного общеобразовательного учреждения – основная общеобразовательная школа № 10 
Precinct_address, ул. Прорабская  2а (помещение муниципального бюджетного общеобразовательного учреждения – основная общеобразовательная школа № 10 
Address_side, переулок  1 Бакинский  2 Бакинский
Address_side, переулок  1 Бакинский  Полевой
Address_side, переулок  1 Бакинский  Сельский
Address_side, переулок  1 Бакинский  Шипуновский
Address_side, переулок  1 Бакинский  Южный
Address_street, улица  1 Бакинская  2 Бакинская
Address_street, улица  1 Бакинская  Квартал 1 Березняки
Address_street, улица  1 Бакинская  Квартал 2 Березняки
Address_street, улица  1 Бакинская  Полевая
Address_street, улица  1 Бакинская  Прорабская
Address_street, улица  1 Бакинская  Сельская
Address_street, улица  1 Бакинская  Целинная
Address_street, улица  1 Бакинская  Шипуновская
Address_street, улица  1 Бакинская  Южная
Address_street, улица  Шипуновский квартал
Address_street, улица  Шипуновский микрорайон
Precinct_number,1391
Precinct_place, город Искитим проспект Юбилейный4 (помещение ООО «Спецводоканал» 
Precinct_address, проспект Юбилейный 4 (помещение ООО «Спецводоканал» 
Precinct_number,1392
Precinct_place, город Искитим микрорайон Южный 53 (помещение муниципального автономного общеобразовательного учреждения – Средняя общеобразовательная школа № 9 
Precinct_address, микрорайон Южный  53 (помещение муниципального автономного общеобразовательного учреждения – Средняя общеобразовательная школа № 9 
Precinct_number,1393
Precinct_place, город Искитим микрорайон Южный 53 (помещение муниципального автономного общеобразовательного учреждения – Средняя общеобразовательная школа № 9 
Precinct_address, микрорайон Южный  53 (помещение муниципального автономного общеобразовательного учреждения – Средняя общеобразовательная школа № 9 
Precinct_number,1394
Precinct_place, город Искитим микрорайон Южный 52 (помещение муниципального бюджетного общеобразовательного учреждения – Средняя общеобразовательная школа №11 
Precinct_address, микрорайон Южный  52 (помещение муниципального бюджетного общеобразовательного учреждения – Средняя общеобразовательная школа №11 
Precinct_number,1395
Precinct_place, спорткомплекс «Заря» 
Precinct_address, спорткомплекс «Заря»)   спорткомплекс «Заря» 
Address_street, улица  Радищева четные с № 4 по № 14 и с № 32 по № 64 49
Address_street, улица  Радищева четные с № 4 по № 14 и с № 32 по № 64 50
Address_street, улица  Радищева четные с № 4 по № 14 и с № 32 по № 64 51
Address_street, улица  Радищева четные с № 4 по № 14 и с № 32 по № 64 52
Address_street, улица  Радищева четные с № 4 по № 14 и с № 32 по № 64 53
Address_place,  жилмассив Ясный.
Precinct_number,1396
Precinct_place, спорткомплекс «Заря» 
Precinct_address, спорткомплекс «Заря»)   спорткомплекс «Заря» 
Precinct_number,1397
Precinct_place, город Искитим проспект Юбилейный 15 (помещение Дома культуры «Россия» 
Precinct_address, проспект Юбилейный  15 (помещение Дома культуры «Россия» 
Precinct_number,1398
Precinct_place, город Искитим микрорайон Подгорный 35 (помещение муниципального бюджетного общеобразовательного учреждения – Средняя общеобразовательная школа №8 
Precinct_address, микрорайон Подгорный  35 (помещение муниципального бюджетного общеобразовательного учреждения – Средняя общеобразовательная школа №8 
Address_street, улица  Белинского  Глинки
Address_street, улица  Белинского  Грибоедова
Address_street, улица  Белинского  Кутузова
Address_street, улица  Белинского 4
Address_street, улица  Белинского 5
Address_street, улица  Белинского 6
Address_street, улица  Белинского 7
Address_street, улица  Белинского 8
Address_street, улица  Белинского 9
Address_street, улица  Белинского 10
Address_street, улица  Белинского 11
Address_street, улица  Белинского 12
Address_street, улица  Белинского 13
Address_street, улица  Белинского 14
Address_street, улица  Белинского 15
Address_street, улица  Белинского 16
Address_street, улица  Белинского 17
Address_street, улица  Белинского 18
Address_street, улица  Белинского 19
Address_street, улица  Белинского 20
Address_street, улица  Белинского 21
Address_street, улица  Белинского 22
Address_street, улица  Белинского 23
Address_street, улица  Белинского 24
Address_street, улица  Белинского 25
Address_street, улица  Белинского 26
Address_street, улица  Белинского 27
Address_street, улица  Белинского 28
Address_street, улица  Белинского 29
Address_street, улица  Белинского 30
Address_street, улица  Белинского 31
Address_street, улица  Белинского 32
Address_street, улица  Белинского 33
Address_street, улица  Белинского 34
Address_street, улица  Белинского 35
Address_street, улица  Белинского 36
Address_street, улица  Белинского 37
Address_street, улица  Белинского 38
Address_street, улица  Белинского 39
Address_street, улица  Белинского 40
Address_street, улица  Белинского 41
Address_street, улица  Белинского 42
Address_street, улица  Белинского 43
Address_street, улица  Белинского 44
Address_street, улица  Белинского 45
Address_street, улица  Белинского 46
Address_street, улица  Белинского 47
Address_street, улица  Белинского 48
Address_street, улица  Белинского 49
Address_street, улица  Белинского 50
Address_street, улица  Белинского 51
Address_street, улица  Белинского 52
Address_street, улица  Белинского 53
Address_street, улица  Белинского 54
Address_street, улица  Белинского 55
Address_street, улица  Белинского 56
Address_street, улица  Белинского 57
Address_street, улица  Белинского 58
Address_street, улица  Белинского 59
Address_street, улица  Белинского 60
Address_street, улица  Белинского 61
Address_street, улица  Белинского 62
Address_street, улица  Белинского 63
Address_street, улица  Белинского 16
Address_street, улица  Белинского 17
Address_street, улица  Белинского 18
Address_street, улица  Белинского 19
Address_street, улица  Белинского 20
Address_street, улица  Белинского 21
Address_street, улица  Белинского 22
Address_street, улица  Белинского 23
Address_street, улица  Белинского 24
Address_street, улица  Белинского 25
Address_street, улица  Белинского 26
Address_street, улица  Белинского 27
Address_street, улица  Белинского 28
Address_street, улица  Белинского 29
Address_street, улица  Белинского 30
Address_street, улица  Белинского 1
Address_street, улица  Белинского 2
Address_street, улица  Белинского 3
Address_street, улица  Белинского 4
Address_street, улица  Белинского 5
Address_street, улица  Белинского 6
Address_street, улица  Белинского 7
Address_street, улица  Белинского 8
Address_street, улица  Белинского 9
Address_street, улица  Белинского 10
Address_street, улица  Белинского 11
Address_street, улица  Белинского 12
Address_street, улица  Белинского 13
Address_street, улица  Белинского 14
Address_street, улица  Белинского 15
Address_street, улица  Белинского 16
Address_street, улица  Белинского 17
Address_street, улица  Белинского 18
Address_street, улица  Белинского 19
Address_street, улица  Белинского 20
Address_street, улица  Белинского 21
Address_street, улица  Белинского 22
Address_street, улица  Белинского 23
Address_street, улица  Белинского 24
Address_street, улица  Белинского 25
Address_street, улица  Белинского 26
Address_street, улица  Белинского 27
Address_street, улица  Белинского 28
Address_street, улица  Белинского 29
Address_street, улица  Белинского 30
Address_street, улица  Белинского 31
Address_street, улица  Белинского 32
Address_street, улица  Белинского 33
Address_street, улица  Белинского 34
Address_street, улица  Белинского 35
Address_street, улица  Белинского 36
Address_street, улица  Белинского 37
Address_street, улица  Белинского 38
Address_street, улица  Белинского 39
Address_street, улица  Белинского 40
Address_street, улица  Белинского 41
Address_street, улица  Белинского 42
Address_street, улица  Белинского 43
Address_street, улица  Белинского 44
Address_street, улица  Белинского 45
Address_street, улица  Белинского 46
Address_street, улица  Белинского 47
Address_street, улица  Белинского  Репина
Address_street, улица  Белинского  Салтыкова-Щедрина
Address_street, улица  Белинского  Суворова
Address_street, улица  Белинского  Чайковского
Address_street, улица  Белинского  Энгельса
Precinct_number,1399
Precinct_place, город Искитим микрорайон Подгорный 35 (помещение муниципального бюджетного общеобразовательного учреждения – Средняя общеобразовательная школа №8 
Precinct_address, микрорайон Подгорный  35 (помещение муниципального бюджетного общеобразовательного учреждения – Средняя общеобразовательная школа №8 
Address_street, улица  Белорусская  Казарма 
Address_street, улица  Белорусская  Карбышева
Address_street, улица  Белорусская  Космонавтов
Address_street, улица  Белорусская 1
Address_street, улица  Белорусская 2
Address_street, улица  Белорусская 3
Address_street, улица  Белорусская 4
Address_street, улица  Белорусская 4а
Address_street, улица  Белорусская  Молдавская
Address_street, улица  Белорусская  Украинская
Precinct_number,1400
Precinct_place, город Искитим микрорайон Подгорный 11а (помещение МКУ «Управление ЖКХ» 
Precinct_address, микрорайон Подгорный  11а (помещение МКУ «Управление ЖКХ» 
Address_side, переулок  Партизанский
Address_street, улица  Ленинградская  Неглинная
Address_street, улица  Ленинградская  Низинная
Address_street, улица  Ленинградская  Озерная
Address_street, улица  Ленинградская  Партизанская
Address_street, улица  Ленинградская  Равнинная
Address_street, улица  Ленинградская  Совхозная
Precinct_number,1401
Precinct_place,юношеская спортивная школа 
Precinct_address,юношеская спортивная школа)  юношеская спортивная школа 
Precinct_number,1402
Precinct_place, город Искитим ул. Элеваторная 2а (помещение административного здания стадиона «Цементник» 
Precinct_address, ул. Элеваторная  2а (помещение административного здания стадиона «Цементник» 
Address_side, переулок  Болотный  Ермака
Address_side, переулок  Болотный  Уклонный
Address_side, переулок  Болотный  Шевченко
Address_street, улица   Авроры  Болотная
Address_street, улица   Авроры  Дорожная
Address_street, улица   Авроры  Ермака
Address_street, улица   Авроры 25
Address_street, улица   Авроры 26
Address_street, улица   Авроры 27
Address_street, улица   Авроры 28
Address_street, улица   Авроры 29
Address_street, улица   Авроры 30
Address_street, улица   Авроры 31
Address_street, улица   Авроры 32
Address_street, улица   Авроры 33
Address_street, улица   Авроры 34
Address_street, улица   Авроры 35
Address_street, улица   Авроры 36
Address_street, улица   Авроры 37
Address_street, улица   Авроры 38
Address_street, улица   Авроры 39
Address_street, улица   Авроры 40
Address_street, улица   Авроры 41
Address_street, улица   Авроры 42
Address_street, улица   Авроры 43
Address_street, улица   Авроры 44
Address_street, улица   Авроры 45
Address_street, улица   Авроры 46
Address_street, улица   Авроры 47
Address_street, улица   Авроры 48
Address_street, улица   Авроры 49
Address_street, улица   Авроры 50
Address_street, улица   Авроры 51
Address_street, улица   Авроры 52
Address_street, улица   Авроры 53
Address_street, улица   Авроры 54
Address_street, улица   Авроры 55
Address_street, улица   Авроры 56
Address_street, улица   Авроры 57
Address_street, улица   Авроры 58
Address_street, улица   Авроры 59
Address_street, улица   Авроры 60
Address_street, улица   Авроры 61
Address_street, улица   Авроры 62
Address_street, улица   Авроры 63
Address_street, улица   Авроры 64
Address_street, улица   Авроры 65
Address_street, улица   Авроры 66
Address_street, улица   Авроры 67
Address_street, улица   Авроры 68
Address_street, улица   Авроры 69
Address_street, улица   Авроры 70
Address_street, улица   Авроры 71
Address_street, улица   Авроры 72
Address_street, улица   Авроры 73
Address_street, улица   Авроры 74
Address_street, улица   Авроры 75
Address_street, улица   Авроры 76
Address_street, улица   Авроры 77
Address_street, улица   Авроры 78
Address_street, улица   Авроры 79
Address_street, улица   Авроры 80
Address_street, улица   Авроры 81
Address_street, улица   Авроры 82
Address_street, улица   Авроры 83
Address_street, улица   Авроры 84
Address_street, улица   Авроры 85
Address_street, улица   Авроры 86
Address_street, улица   Авроры 87
Address_street, улица   Авроры 88
Address_street, улица   Авроры 89
Address_street, улица   Авроры 90
Address_street, улица   Авроры 91
Address_street, улица   Авроры 92
Address_street, улица   Авроры 93
Address_street, улица   Авроры 94
Address_street, улица   Авроры 95
Address_street, улица   Авроры 96
Address_street, улица   Авроры 97
Address_street, улица   Авроры 98
Address_street, улица   Авроры 99
Address_street, улица   Авроры 100
Address_street, улица   Авроры 101
Address_street, улица   Авроры 102
Address_street, улица   Авроры 103
Address_street, улица   Авроры 104
Address_street, улица   Авроры 105
Address_street, улица   Авроры 106
Address_street, улица   Авроры 107
Address_street, улица   Авроры 108
Address_street, улица   Авроры 109
Address_street, улица   Авроры 110
Address_street, улица   Авроры 111
Address_street, улица   Авроры 112
Address_street, улица   Авроры 113
Address_street, улица   Авроры 114
Address_street, улица   Авроры 115
Address_street, улица   Авроры 116
Address_street, улица   Авроры 117
Address_street, улица   Авроры 118
Address_street, улица   Авроры 119
Address_street, улица   Авроры 120
Address_street, улица   Авроры 121
Address_street, улица   Авроры 122
Address_street, улица   Авроры 123
Address_street, улица   Авроры 124
Address_street, улица   Авроры 125
Address_street, улица   Авроры 126
Address_street, улица   Авроры 127
Address_street, улица   Авроры 128
Address_street, улица   Авроры 129
Address_street, улица   Авроры 130
Address_street, улица   Авроры 131
Address_street, улица   Авроры 132
Address_street, улица   Авроры 133
Address_street, улица   Авроры 134
Address_street, улица   Авроры 135
Address_street, улица   Авроры 136
Address_street, улица   Авроры 137
Address_street, улица   Авроры 138
Address_street, улица   Авроры 139
Address_street, улица   Авроры 140
Address_street, улица   Авроры 141
Address_street, улица   Авроры 142
Address_street, улица   Авроры 143
Address_street, улица   Авроры 144
Address_street, улица   Авроры 145
Address_street, улица   Авроры 146
Address_street, улица   Авроры 147
Address_street, улица   Авроры 148
Address_street, улица   Авроры 149
Address_street, улица   Авроры 150
Address_street, улица   Авроры 151
Address_street, улица   Авроры 152
Address_street, улица   Авроры 153
Address_street, улица   Авроры 154
Address_street, улица   Авроры 155
Address_street, улица   Авроры 156
Address_street, улица   Авроры 157
Address_street, улица   Авроры 158
Address_street, улица   Авроры 159
Address_street, улица   Авроры 160
Address_street, улица   Авроры 161
Address_street, улица   Авроры 162
Address_street, улица   Авроры 163
Address_street, улица   Авроры 164
Address_street, улица   Авроры 165
Address_street, улица   Авроры 166
Address_street, улица   Авроры 167
Address_street, улица   Авроры 168
Address_street, улица   Авроры 169
Address_street, улица   Авроры 170
Address_street, улица   Авроры 171
Address_street, улица   Авроры 172
Address_street, улица   Авроры 173
Address_street, улица   Авроры 174
Address_street, улица   Авроры 175
Address_street, улица   Авроры 176
Address_street, улица   Авроры  Западная с № 47 до конца
Address_street, улица   Авроры  Коллективная
Address_street, улица   Авроры  Котельная
Address_street, улица   Авроры  Красноармейская
Address_street, улица   Авроры  Лазо
Address_street, улица   Авроры  Молодежная
Address_street, улица   Авроры   Московская с № 43 до конца
Address_street, улица   Авроры   Спортивная
Address_street, улица   Авроры  2 Станционная
Address_street, улица   Авроры   Строительная
Address_street, улица   Авроры   Транспортная
Address_street, улица   Авроры  Уклонная
Address_street, улица   Авроры  Цементная
Address_street, улица   Авроры  Шевченко
Address_street, улица   Авроры  Элеваторная
Address_place,  жилмассива Западный
Address_place,  Подгорный микрорайон №48.
Precinct_number,1403
Precinct_place,юношеская спортивная школа 
Precinct_address,юношеская спортивная школа)  юношеская спортивная школа 
Address_street, улица  Западная № 37 2
Address_street, улица  Западная № 37 3
Address_street, улица  Западная № 37 4
Address_street, улица  Западная № 37 5
Address_street, улица  Западная № 37 6
Address_street, улица  Западная № 37 7
Address_street, улица  Западная № 37 8
Address_street, улица  Западная № 37 9
Address_street, улица  Западная № 37 10
Address_street, улица  Западная № 37 11
Address_street, улица  Западная № 37 12
Address_street, улица  Западная № 37 13
Address_street, улица  Западная № 37 14
Address_street, улица  Западная № 37 15
Address_street, улица  Западная № 37 16
Address_street, улица  Западная № 37 17
Address_street, улица  Западная № 37 18
Address_street, улица  Западная № 37 19
Address_street, улица  Западная № 37 20
Address_street, улица  Западная № 37 21
Address_street, улица  Западная № 37 22
Address_street, улица  Западная № 37 23
Address_street, улица  Западная № 37 24
Address_street, улица  Западная № 37 25
Address_street, улица  Западная № 37 26
Address_street, улица  Западная № 37 27
Address_street, улица  Западная № 37 28
Address_street, улица  Западная № 37 29
Address_street, улица  Западная № 37 30
Address_street, улица  Западная № 37 31
Address_street, улица  Западная № 37 32
Precinct_number,1404
Address_street, улица  Гоголя  24 (помещение муниципального бюджетного общеобразовательного учреждения – Основная общеобразовательная школа №6)
Precinct_place, город Искитим улица Гоголя 24 (помещение муниципального бюджетного общеобразовательного учреждения – Основная общеобразовательная школа №6 
Precinct_address, улица Гоголя  24 (помещение муниципального бюджетного общеобразовательного учреждения – Основная общеобразовательная школа №6 
Address_side, переулок  Гоголя  Заречный
Address_side, переулок  Гоголя  Казахский
Address_side, переулок  Гоголя  Канатный
Address_side, переулок  Гоголя  Тургенева
Address_street, улица  Восточная  Гоголя
Address_street, улица  Восточная  Джамбула
Address_street, улица  Восточная  Канатная (нечетные с №19 и четные с №78 и до конца)
Address_street, улица  Восточная  Карьерная
Address_street, улица  Восточная  Крутая
Address_street, улица  Восточная  Некрасова
Address_street, улица  Восточная  Новая
Address_street, улица  Восточная  Подгорная
Address_street, улица  Восточная  Тургенева.
Precinct_number,1405
Address_street, улица  Заводская 1а (помещение ЗАО «Чернореченский карьер»)
Precinct_place, город Искитим улица Заводская1а (помещение ЗАО «Чернореченский карьер» 
Precinct_address, улица Заводская 1а (помещение ЗАО «Чернореченский карьер» 
Address_street, улица  Добролюбова  1 Известковая
Address_street, улица  Добролюбова  2 Известковая
Address_street, улица  Добролюбова  3 Известковая
Address_street, улица  Добролюбова  4 Известковая
Address_street, улица  Добролюбова  Карьер Цемзавода
Address_street, улица  Добролюбова  К.Цеткин
Address_street, улица  Добролюбова  Пролетарская
Address_street, улица  Добролюбова  Правобережная
Address_street, улица  Добролюбова  Тельмана.
Precinct_number,1406
Address_street, улица  Нагорная  2а (помещение муниципального бюджетного общеобразовательного учреждения – Средняя общеобразовательная школа № 14)
Precinct_place, город Искитим улица Нагорная 2а (помещение муниципального бюджетного общеобразовательного учреждения – Средняя общеобразовательная школа № 14 
Precinct_address, улица Нагорная  2а (помещение муниципального бюджетного общеобразовательного учреждения – Средняя общеобразовательная школа № 14 
Address_street, улица  Большевистская  Гагарина
Address_street, улица  Большевистская  Крестьянская
Address_street, улица  Большевистская 1
Address_street, улица  Большевистская 2
Address_street, улица  Большевистская 3
Address_street, улица  Большевистская 4
Address_street, улица  Большевистская 5
Address_street, улица  Большевистская 6
Address_street, улица  Большевистская 7
Address_street, улица  Большевистская 8
Address_street, улица  Большевистская 9
Address_street, улица  Большевистская 10
Address_street, улица  Большевистская 11
Address_street, улица  Большевистская 12
Address_street, улица  Большевистская 13
Address_street, улица  Большевистская 14
Address_street, улица  Большевистская  №17
Address_street, улица  Большевистская  Почтовая (кроме № 1).
Precinct_number,1407
Address_street, улица  Почтовая 2 (помещение муниципального бюджетного учреждения Дом культуры «Октябрь»)
Precinct_place, город Искитим улица Почтовая2 (помещение муниципального бюджетного учреждения Дом культуры «Октябрь» 
Precinct_address, улица Почтовая 2 (помещение муниципального бюджетного учреждения Дом культуры «Октябрь» 
Address_street, улица  Жданова  Казарма 
Address_street, улица  Жданова 15
Address_street, улица  Жданова 16
Address_street, улица  Жданова 17
Address_street, улица  Жданова   Почтовая № 1
Address_street, улица  Жданова  Саратовская
Address_street, улица  Жданова  Театральная
Address_street, улица  Жданова  Центральная.
